<?xml version="1.0" encoding="UTF-8"?>
<project-private xmlns="http://www.netbeans.org/ns/project-private/1">
    <data xmlns="http://www.netbeans.org/ns/profiler/1" profile-file-target="" profile-target="profile" version="0.4"/>
    <editor-bookmarks xmlns="http://www.netbeans.org/ns/editor-bookmarks/1"/>
    <editor-bookmarks xmlns="http://www.netbeans.org/ns/editor-bookmarks/2" lastBookmarkId="0"/>
    <open-files xmlns="http://www.netbeans.org/ns/projectui-open-files/1">
        <file>file:/D:/Active/Dev_Active/_projects/ImageJ/ImageJ-NetBeans/nb-ij-plugin-pkg/src/plugins.config</file>
        <file>file:/D:/Active/Dev_Active/_projects/ImageJ/ImageJ-NetBeans/nb-ij-plugin-pkg/src/aPlugin/JAR_Plugin.java</file>
        <file>file:/D:/Active/Dev_Active/_projects/ImageJ/ImageJ-NetBeans/nb-ij-plugin-pkg/build.xml</file>
        <file>file:/D:/Active/Dev_Active/_projects/ImageJ/ImageJ-NetBeans/nb-ij-plugin-pkg/build.properties</file>
        <file>file:/D:/Active/Dev_Active/_projects/ImageJ/ImageJ-NetBeans/nb-ij-plugin-pkg/nbproject/project.xml</file>
    </open-files>
</project-private>
