<?xml version="1.0" encoding="UTF-8"?>
<project xmlns="http://www.netbeans.org/ns/project/1">
    <type>org.netbeans.modules.ant.freeform</type>
    <configuration>
        <general-data xmlns="http://www.netbeans.org/ns/freeform-project/1">
            <name>nb-ij-plugin</name>
        </general-data>
        <general-data xmlns="http://www.netbeans.org/ns/freeform-project/2">
            <name>nb-ij-plugin</name>
            <properties>
                <property-file>user.build.properties</property-file>
                <property-file>build.properties</property-file>
            </properties>
            <folders>
                <source-folder>
                    <label>myPlugins</label>
                    <type>java</type>
                    <location>myPlugins</location>
                    <encoding>windows-1252</encoding>
                </source-folder>
            </folders>
            <ide-actions>
                <action name="build">
                    <target>compile</target>
                </action>
                <action name="clean">
                    <target>clean</target>
                </action>
                <action name="rebuild">
                    <target>clean</target>
                    <target>compile</target>
                </action>
                <action name="run">
                    <target>run</target>
                </action>
                <action name="javadoc">
                    <script>nbproject/netbeans-targets.xml</script>
                    <target>show-javadoc</target>
                </action>
                <action name="test">
                    <target>run-tests</target>
                </action>
                <action name="debug">
                    <script>nbproject/netbeans-targets.xml</script>
                    <target>debug</target>
                </action>
                <action name="compile.single">
                    <script>nbproject/file-targets.xml</script>
                    <target>compile-selected</target>
                    <context>
                        <property>includes</property>
                        <folder>${src.dir}</folder>
                        <pattern>\.java$</pattern>
                        <format>relative-path</format>
                        <arity>
                            <separated-files>,</separated-files>
                        </arity>
                    </context>
                </action>
                <action name="compile.single">
                    <script>nbproject/file-targets.xml</script>
                    <target>compile-selected-test</target>
                    <context>
                        <property>includes</property>
                        <folder>${test.dir}</folder>
                        <pattern>\.java$</pattern>
                        <format>relative-path</format>
                        <arity>
                            <separated-files>,</separated-files>
                        </arity>
                    </context>
                </action>
                <action name="run.single">
                    <target>run</target>
                    <context>
                        <property>main.class</property>
                        <folder>${src.dir}</folder>
                        <pattern>\.java$</pattern>
                        <format>java-name</format>
                        <arity>
                            <one-file-only/>
                        </arity>
                    </context>
                </action>
                <action name="debug.single">
                    <script>nbproject/netbeans-targets.xml</script>
                    <target>debug</target>
                    <context>
                        <property>main.class</property>
                        <folder>${src.dir}</folder>
                        <pattern>\.java$</pattern>
                        <format>java-name</format>
                        <arity>
                            <one-file-only/>
                        </arity>
                    </context>
                </action>
                <action name="test.single">
                    <script>nbproject/file-targets.xml</script>
                    <target>run-selected-tests</target>
                    <context>
                        <property>includes</property>
                        <folder>${test.dir}</folder>
                        <pattern>\.java$</pattern>
                        <format>relative-path</format>
                        <arity>
                            <separated-files>,</separated-files>
                        </arity>
                    </context>
                </action>
                <action name="debug.test.single">
                    <script>nbproject/netbeans-targets.xml</script>
                    <target>debug-test</target>
                    <context>
                        <property>test</property>
                        <folder>${test.dir}</folder>
                        <pattern>\.java$</pattern>
                        <format>java-name</format>
                        <arity>
                            <one-file-only/>
                        </arity>
                    </context>
                </action>
                <action name="debug.fix">
                    <script>nbproject/netbeans-targets.xml</script>
                    <target>debug-fix</target>
                    <context>
                        <property>class</property>
                        <folder>${src.dir}</folder>
                        <pattern>\.java$</pattern>
                        <format>relative-path-noext</format>
                        <arity>
                            <one-file-only/>
                        </arity>
                    </context>
                </action>
            </ide-actions>
            <view>
                <items>
                    <source-folder style="packages">
                        <label>myPlugins</label>
                        <location>myPlugins</location>
                    </source-folder>
                </items>
                <context-menu>
                    <ide-action name="build"/>
                    <ide-action name="rebuild"/>
                    <ide-action name="clean"/>
                    <ide-action name="javadoc"/>
                    <ide-action name="run"/>
                    <ide-action name="test"/>
                    <ide-action name="debug"/>
                    <separator/>
                </context-menu>
            </view>
            <subprojects/>
        </general-data>
        <java-data xmlns="http://www.netbeans.org/ns/freeform-project-java/2">
            <compilation-unit>
                <package-root>myPlugins</package-root>
                <classpath mode="compile">..\source;..\ImageJ\ij.jar</classpath>
                <source-level>1.5</source-level>
            </compilation-unit>
        </java-data>
    </configuration>
</project>
